CEP Proposto,Tipo,Novo Endereço,Endereço Antigo,Informação Adicional,Bairro
43700-050,Rua,Santa  CatarIna,,,Centro
43700-052,Avenida,Engenheiro  Walter Aragão de Souza,,,Centro
43700-054,Rua,Manoel Bento de Souza,,,Centro
43700-056,Avenida,Luís Eduardo Magalhães,,,Centro
43700-058,Rua,L,,(Lot Sol Nascente),Centro
43700-060,Rua,O,,(Lot Sol Nascente),Centro
43700-062,Rua,N,,(Lot Sol Nascente),Centro
43700-064,Rua,M,,(Lot Sol Nascente),Centro
43700-066,Rua,A,,(Lot Sol Nascente),Centro
43700-068,Rua,K,,(Lot Sol Nascente),Centro
43700-070,Rua,J,,(Lot Sol Nascente),Centro
43700-072,Travessa,I,,(Lot Sol Nascente),Centro
43700-074,Rua,G,,(Lot Sol Nascente),Centro
43700-076,Rua,H,,(Lot Sol Nascente),Centro
43700-078,Rua,F,,(Lot Sol Nascente),Centro
43700-080,Rua,E,,(Lot Sol Nascente),Centro
43700-082,Rua,D,,(Lot Sol Nascente),Centro
43700-084,Rua,C,,(Lot Sol Nascente),Centro
43700-086,Rua,B,,(Lot Sol Nascente),Centro
43700-088,Via,Férrea,,,Centro
43700-090,Avenida,Washington Luís,,,Centro
43700-092,Avenida,Orlando Moscoso,,,Centro
43700-094,Rua,E,,(Lot Encanto das Árvores),Centro
43700-096,Rua,B,,(Lot Encanto das Árvores),Centro
43700-098,Rua,C,,(Lot Encanto das Árvores),Centro
43700-100,Rua,D,,(Lot Encanto das Árvores),Centro
43700-102,Avenida,Rui Barbosa,,,Centro
43700-104,Rua,Walter José TolentIno Alves,,,Centro
43700-106,Praça,Sete de Novembro,,,Centro
43700-108,Rua,Hermínio Manoel Bonifácio,,,Centro
43700-110,Rua,do Colégio Padre Luiz PalmeIra,,,Centro
43700-112,Avenida,Engenheiro  Elmo Serejo de Farias,,,Centro
43700-114,Rua,Marechal  Hermes da Fonseca,,,Centro
43700-116,Rua,Engenheiro  Paulo Moreira,,,Centro
43700-118,Rua,Manso Cabral,,,Centro
43700-120,Avenida,Altamirando de Araújo Ramos,,,Centro
43700-122,Rua,Vereador  João Campos,,,Centro
43700-124,Rua,Anita QueIroz,,,Centro
43700-126,Rua,Diomedes Campos,,,Centro
43700-128,Escada,Antônio Apolinário da Hora,,,Centro
43700-130,Rua,Antônio Apolinário da Hora,,,Centro
43700-132,Travessa,Antônio Apolinário da Hora,,,Centro
43700-134,Rua,Quinze de Novembro,,,Centro
43700-136,Travessa,Padre  Antônio MonteIro,,,Centro
43700-138,Praça,da Bandeira,,,Centro
43700-140,Rua,Professora  Maria de Souza Chaves,Antiga Rua da Aroeira,,Centro
43700-142,Rua,Primeiro de Janeiro,,,Centro
43700-144,Rua,Pastor  Gabino Trigo Pazo,,,Centro
43700-146,Rua,Pergentino Rocha,,,Centro
43700-148,Rua,Padre  Emmile Félix Wagner,,,Centro
43700-150,Praça,Sete de Setembro,,,Centro
43700-152,Rua,Padre  Agenor Birner,,,Centro
43700-154,Rua,Djalma Castor da Rocha,,,Centro
43700-156,Rua,do Terminal Rodoviário,,,Centro
43700-158,Rua,Maria Quitéria,,,Centro
43700-160,Rua,Teive E Argolo,,,Centro
43700-162,2ª Travessa,Sete de Setembro,,,Centro
43700-164,Rodovia,BR-324,,,Centro
43700-170,Rua,BR-324,,,Recanto dos Eucaliptos
43700-200,Via,Férrea,,,Recanto dos Eucaliptos
43700-202,Avenida,dos  Eucaliptos,Antiga Av. Paulo Ganem Souto,,Recanto dos Eucaliptos
43700-204,Rua,Antônio Carlos Magalhães,,,Recanto dos Eucaliptos
43700-206,Travessa,Caminho das Árvores,,,Recanto dos Eucaliptos
43700-208,Rua,Caminho das Árvores,,,Recanto dos Eucaliptos
43700-210,Rua,Santana,,,Recanto dos Eucaliptos
43700-212,Travessa,Santana II,,,Recanto dos Eucaliptos
43700-214,Rua,Alto dos Eucaliptos,,,Recanto dos Eucaliptos
43700-216,Rua,Santa  Rita I,,,Recanto dos Eucaliptos
43700-218,Beco,Alto dos Eucaliptos I,,,Recanto dos Eucaliptos
43700-220,Travessa,Alto dos Eucaliptos,,,Recanto dos Eucaliptos
43700-222,3ª Travessa,Santa  Rita,,,Recanto dos Eucaliptos
43700-224,2ª Travessa,Santa  Rita,,,Recanto dos Eucaliptos
43700-226,Travessa,Santana,,,Recanto dos Eucaliptos
43700-228,3ª Travessa,Magalhães,,,Recanto dos Eucaliptos
43700-230,Avenida,Contorno,Antiga Tv. Magalhães,,Recanto dos Eucaliptos
43700-232,Rua,B,,,Recanto dos Eucaliptos
43700-234,Rua,C,,,Recanto dos Eucaliptos
43700-236,Rua,D,,,Recanto dos Eucaliptos
43700-238,Rua,A,,,Recanto dos Eucaliptos
43700-240,1ª Travessa,Magalhães,,,Recanto dos Eucaliptos
43700-242,Rua,Boa Vista,,,Recanto dos Eucaliptos
43700-244,Rua,da Glória,,,Recanto dos Eucaliptos
43700-246,Avenida,Luís Eduardo Magalhães,,,Recanto dos Eucaliptos
43700-248,Rua,Maria Helena,,,Recanto dos Eucaliptos
43700-250,1ª Travessa,Santa  Rita,,,Recanto dos Eucaliptos
43700-252,Rua,H,,,Recanto dos Eucaliptos
43700-254,1ª Travessa,Contorno,,,Recanto dos Eucaliptos
43700-256,Travessa,Contorno,,,Recanto dos Eucaliptos
43700-258,1ª Travessa,Maria Helena,,,Recanto dos Eucaliptos
43700-260,2ª Travessa,Maria Helena,,,Recanto dos Eucaliptos
43700-262,Rua,Santa  Maria,,,Recanto dos Eucaliptos
43700-264,Travessa,Santa  Maria II,,,Recanto dos Eucaliptos
43700-266,Travessa,Santa  Maria I,,,Recanto dos Eucaliptos
43700-268,Travessa,Santa  Maria,,,Recanto dos Eucaliptos
43700-270,Rodovia,BA-093,,,Recanto dos Eucaliptos
43700-290,Rodovia,BA-093,,,Santa Rosa
43700-295,Rua,Lobrea,,,Santa Rosa
43700-500,Travessa,Santa  Rosa,,,Santa Rosa
43700-505,Rua,Santa  Rosa,,,Santa Rosa
43700-510,Rua,Estrada Fazenda Santa Rita,,,Santa Rosa
43700-515,Rua,da Glória,,,Santa Rosa
43700-520,Beco,Santa  Rosa,,,Santa Rosa
43700-525,Beco,da Glória,,,Santa Rosa
43700-530,1ª Travessa,da Glória,,,Santa Rosa
43700-535,Travessa,da Glória,,,Santa Rosa
43700-540,2ª Travessa,da Glória,,,Santa Rosa
43700-545,3ª Travessa,da Glória,,,Santa Rosa
43700-550,4ª Travessa,da Glória,,,Santa Rosa
43700-555,Estrada,da Adutora,,,Santa Rosa
43700-560,Travessa,da Adutora,,,Santa Rosa
43701-320,Acesso,BR-324,,,Santa Rosa
43701-325,Rodovia,BR-324,,,Santa Rosa
43701-330,Rua,Comercial 01,,Lot. Fazenda Real,Santa Rosa
43701-335,Rua,Comercial 02,,Lot. Fazenda Real,Santa Rosa
43701-340,Rua,Comercial 03,,Lot. Fazenda Real,Santa Rosa
43701-345,Avenida,Local 1,,(3ª Etapa) - Lot. Fazenda Real,Santa Rosa
43701-350,Avenida,Local 2,,(3ª Etapa) - Lot. Fazenda Real,Santa Rosa
43701-355,Avenida,Local 3,,(3ª Etapa) - Lot. Fazenda Real,Santa Rosa
43701-360,Avenida,Local 4,,(3ª Etapa) - Lot. Fazenda Real,Santa Rosa
43701-365,Avenida,Local 5,,(3ª Etapa) - Lot. Fazenda Real,Santa Rosa
43701-370,Avenida,Local 6,,(3ª Etapa) - Lot. Fazenda Real,Santa Rosa
43701-375,Avenida,Local 15,,(3ª Etapa) - Lot. Fazenda Real,Santa Rosa
43701-380,Avenida,Local 14,,(3ª Etapa) - Lot. Fazenda Real,Santa Rosa
43701-385,Avenida,Local 13,,(3ª Etapa) - Lot. Fazenda Real,Santa Rosa
43701-390,Avenida,Local 12,,(3ª Etapa) - Lot. Fazenda Real,Santa Rosa
43701-395,Avenida,Local 11,,(3ª Etapa) - Lot. Fazenda Real,Santa Rosa
43701-400,Avenida,Local 10,,(3ª Etapa) - Lot. Fazenda Real,Santa Rosa
43701-405,Avenida,Local 9,,(3ª Etapa) - Lot. Fazenda Real,Santa Rosa
43701-410,Avenida,Local 8,,(3ª Etapa) - Lot. Fazenda Real,Santa Rosa
43701-415,Avenida,Local 7,,(3ª Etapa) - Lot. Fazenda Real,Santa Rosa
43701-420,Avenida,Local 16,,(3ª Etapa) - Lot. Fazenda Real,Santa Rosa
43701-425,Rua,Local 16,,(3ª Etapa) - Lot. Fazenda Real,Santa Rosa
43701-430,Acesso,Coletora de Acesso,,Lot. Fazenda Real,Santa Rosa
43701-435,Retorno,Coletora de Acesso,,Lot. Fazenda Real,Santa Rosa
43701-440,Avenida,Local 14,,(1ª Etapa) - Lot. Fazenda Real,Santa Rosa
43701-445,Avenida,Local 7,,(1ª Etapa) - Lot. Fazenda Real,Santa Rosa
43701-450,Avenida,Local 6,,(1ª Etapa) - Lot. Fazenda Real,Santa Rosa
43701-455,Retorno,Principal,,(1ª Etapa) - Lot. Fazenda Real,Santa Rosa
43701-460,Avenida,Local 2,,(1ª Etapa) - Lot. Fazenda Real,Santa Rosa
43701-465,Avenida,Local 3,,(1ª Etapa) - Lot. Fazenda Real,Santa Rosa
43701-470,Avenida,Local 1,,(1ª Etapa) - Lot. Fazenda Real,Santa Rosa
43701-475,Avenida,Local 4,,(1ª Etapa) - Lot. Fazenda Real,Santa Rosa
43701-480,Avenida,Local 5,,(1ª Etapa) - Lot. Fazenda Real,Santa Rosa
43701-485,Avenida,Principal,,(1ª Etapa) - Lot. Fazenda Real,Santa Rosa
43701-490,Avenida,Local 8,,(1ª Etapa) - Lot. Fazenda Real,Santa Rosa
43701-495,Avenida,Local 10,,(1ª Etapa) - Lot. Fazenda Real,Santa Rosa
43701-500,Avenida,Local 11,,(1ª Etapa) - Lot. Fazenda Real,Santa Rosa
43701-505,Avenida,Local 9,,(1ª Etapa) - Lot. Fazenda Real,Santa Rosa
43701-510,Avenida,Local 13,,(1ª Etapa) - Lot. Fazenda Real,Santa Rosa
43701-515,Avenida,Local 12,,(1ª Etapa) - Lot. Fazenda Real,Santa Rosa
43701-520,Avenida,Local 10,,(2ª Etapa) - Lot. Fazenda Real,Santa Rosa
43701-525,Avenida,Local 12,,(2ª Etapa) - Lot. Fazenda Real,Santa Rosa
43701-530,Avenida,Local 11,,(2ª Etapa) - Lot. Fazenda Real,Santa Rosa
43701-535,Avenida,Local 9,,(2ª Etapa) - Lot. Fazenda Real,Santa Rosa
43701-540,Avenida,Local 5,,(2ª Etapa) - Lot. Fazenda Real,Santa Rosa
43701-545,Avenida,Local 8,,(2ª Etapa) - Lot. Fazenda Real,Santa Rosa
43701-550,Avenida,Local 6,,(2ª Etapa) - Lot. Fazenda Real,Santa Rosa
43701-555,Avenida,Local 4,,(2ª Etapa) - Lot. Fazenda Real,Santa Rosa
43701-560,Avenida,Local 3,,(2ª Etapa) - Lot. Fazenda Real,Santa Rosa
43701-565,Avenida,Local 1,,(2ª Etapa) - Lot. Fazenda Real,Santa Rosa
43701-570,Avenida,Principal 1,,(2ª Etapa) - Lot. Fazenda Real,Santa Rosa
43701-575,Avenida,Principal 2,,(2ª Etapa) - Lot. Fazenda Real,Santa Rosa
43701-580,Avenida,Local 14,,(2ª Etapa) - Lot. Fazenda Real,Santa Rosa
43701-585,Avenida,Local 15,,(2ª Etapa) - Lot. Fazenda Real,Santa Rosa
43701-590,Avenida,Local 16,,(2ª Etapa) - Lot. Fazenda Real,Santa Rosa
43701-595,Avenida,Local 17,,(2ª Etapa) - Lot. Fazenda Real,Santa Rosa
43701-600,Avenida,Local 21,,(2ª Etapa) - Lot. Fazenda Real,Santa Rosa
43701-605,Avenida,Local 20,,(2ª Etapa) - Lot. Fazenda Real,Santa Rosa
43701-610,Avenida,Local 19,,(2ª Etapa) - Lot. Fazenda Real,Santa Rosa
43701-615,Avenida,Local 18,,(2ª Etapa) - Lot. Fazenda Real,Santa Rosa
43701-620,Avenida,Local 23,,(2ª Etapa) - Lot. Fazenda Real,Santa Rosa
43701-625,Avenida,Local 22,,(2ª Etapa) - Lot. Fazenda Real,Santa Rosa
43701-630,Avenida,Local 24,,(2ª Etapa) - Lot. Fazenda Real,Santa Rosa
43701-635,Avenida,Local 25,,(2ª Etapa) - Lot. Fazenda Real,Santa Rosa
43701-640,Avenida,Local 26,,(2ª Etapa) - Lot. Fazenda Real,Santa Rosa
43701-645,Avenida,Local 13,,(2ª Etapa) - Lot. Fazenda Real,Santa Rosa
43701-650,Avenida,Local 27,,(4ª Etapa) - Lot. Fazenda Real,Santa Rosa
43701-655,Avenida,Local 28,,(4ª Etapa) - Lot. Fazenda Real,Santa Rosa
43701-660,Avenida,Local 26,,(4ª Etapa) - Lot. Fazenda Real,Santa Rosa
43701-665,Avenida,Local 19,,(4ª Etapa) - Lot. Fazenda Real,Santa Rosa
43701-670,Avenida,Local 18,,(4ª Etapa) - Lot. Fazenda Real,Santa Rosa
43701-675,Avenida,Local 17,,(4ª Etapa) - Lot. Fazenda Real,Santa Rosa
43701-680,Avenida,Local 16,,(4ª Etapa) - Lot. Fazenda Real,Santa Rosa
43701-685,Avenida,Local 2,,(4ª Etapa) - Lot. Fazenda Real,Santa Rosa
43701-690,Avenida,Local 1,,(4ª Etapa) - Lot. Fazenda Real,Santa Rosa
43701-695,Avenida,Local 4,,(4ª Etapa) - Lot. Fazenda Real,Santa Rosa
43701-700,Avenida,Local 5,,(4ª Etapa) - Lot. Fazenda Real,Santa Rosa
43701-705,Avenida,Local 6,,(4ª Etapa) - Lot. Fazenda Real,Santa Rosa
43701-710,Avenida,Local 7,,(4ª Etapa) - Lot. Fazenda Real,Santa Rosa
43701-715,Avenida,Local 8,,(4ª Etapa) - Lot. Fazenda Real,Santa Rosa
43701-720,Avenida,Local 9,,(4ª Etapa) - Lot. Fazenda Real,Santa Rosa
43701-725,Retorno,Local 1,,(4ª Etapa) - Lot. Fazenda Real,Santa Rosa
43701-730,Avenida,Local 10,,(4ª Etapa) - Lot. Fazenda Real,Santa Rosa
43701-735,Avenida,Principal 1,,(4ª Etapa) - Lot. Fazenda Real,Santa Rosa
43701-740,Avenida,Local 13,,(4ª Etapa) - Lot. Fazenda Real,Santa Rosa
43701-745,Avenida,Local 14,,(4ª Etapa) - Lot. Fazenda Real,Santa Rosa
43701-750,Avenida,Local 15,,(4ª Etapa) - Lot. Fazenda Real,Santa Rosa
43701-755,Avenida,Local 31,,(4ª Etapa) - Lot. Fazenda Real,Santa Rosa
43701-760,Avenida,Local 29,,(4ª Etapa) - Lot. Fazenda Real,Santa Rosa
43701-765,Avenida,Local 30,,(4ª Etapa) - Lot. Fazenda Real,Santa Rosa
43701-770,Avenida,Local 20,,(4ª Etapa) - Lot. Fazenda Real,Santa Rosa
43701-775,Avenida,Local 21,,(4ª Etapa) - Lot. Fazenda Real,Santa Rosa
43701-780,Avenida,Local 22,,(4ª Etapa) - Lot. Fazenda Real,Santa Rosa
43701-785,Avenida,Local 23,,(4ª Etapa) - Lot. Fazenda Real,Santa Rosa
43701-790,Avenida,Local 24,,(4ª Etapa) - Lot. Fazenda Real,Santa Rosa
43701-795,Avenida,Local 25,,(4ª Etapa) - Lot. Fazenda Real,Santa Rosa
43702-030,Rua,Antônio Dias Moraes,,,Santa Rosa
43702-035,Rua,Otizeiro,,,Santa Rosa
43702-040,2ª Travessa,Otizeiro,,,Santa Rosa
43702-045,Travessa,Otizeiro,,,Santa Rosa
43702-050,Travessa,Oiteiro,Antiga Rua Santa Rosa,,Santa Rosa
43702-055,Rua,Oiteiro,,,Santa Rosa
43702-140,Rodovia,BA-093,,,Jardim Renatão
43702-145,Rua,da Paz,,,Jardim Renatão
43702-150,Estrada,da Mafril,,,Jardim Renatão
43702-155,Rua,AH,,,Jardim Renatão
43702-160,3ª Rua,da Mafril,Antiga Rua AK,,Jardim Renatão
43702-165,Rua,Evandro de Souza,Antiga Rua AJ,,Jardim Renatão
43702-420,Rua,AB,,,Jardim Renatão
43702-425,Rua,AC,,,Jardim Renatão
43702-430,Rua,AB 2,,,Jardim Renatão
43702-435,Rua,Iraque,,,Jardim Renatão
43702-440,Rua,ArgentIna,,,Jardim Renatão
43702-445,Rua,Brás Cubas,,,Jardim Renatão
43702-450,Rua,Bolívia,,,Jardim Renatão
43702-455,Travessa,Bolívia,,,Jardim Renatão
43702-460,Rua,Getúlio Vargas,,,Jardim Renatão
43702-465,2ª Rua,Getúlio Vargas,,,Jardim Renatão
43702-470,Rua,Fazenda Renatão,,,Jardim Renatão
43702-475,Rua,M,,,Jardim Renatão
43702-485,Rua,O,,,Jardim Renatão
43702-480,Avenida,Washington Luís,,,Jardim Renatão
43702-490,Travessa,Getúlio Vargas,Antiga Rua Q,,Jardim Renatão
43702-495,Rua,G,,,Jardim Renatão
43702-500,Rua,I,,,Jardim Renatão
43702-505,Rua,Mem de Sá,,,Jardim Renatão
43702-510,Avenida,Sônia,Antiga Rua E,,Jardim Renatão
43702-515,2ª Travessa,Iemanjá,,,Jardim Renatão
43702-520,1ª Travessa,Iemanjá,,,Jardim Renatão
43702-525,Rua,Iemanjá,,,Jardim Renatão
43702-530,Rua,da Caixa D'Água,Antiga Rua K,,Jardim Renatão
43702-535,Caminho,Mem de Sá III,,,Jardim Renatão
43702-540,Caminho,Mem de Sá II,,,Jardim Renatão
43702-545,Caminho,Mem de Sá I,,,Jardim Renatão
43702-550,Travessa,da Caixa D'Água,,,Jardim Renatão
43702-555,Caminho,Mem de Sá,,,Jardim Renatão
43702-560,Travessa,Mem de Sá,,,Jardim Renatão
43702-565,Rua,Rodagem de Candeias,,,Jardim Renatão
43702-570,Rua,Duarte Coelho,,,Jardim Renatão
43702-575,Rua,Nova,,,Jardim Renatão
43702-580,Beco,CorrentIna,,,Jardim Renatão
43702-585,Rua,CorrentIna,,,Jardim Renatão
43702-590,Rua,Bela Vista,,,Jardim Renatão
43702-595,Rua,Quinze de Novembro,,,Jardim Renatão
43702-750,Rua,Quinze de Novembro,,,Cristo Rei
43702-755,Rua,Bela Vista,,,Cristo Rei
43702-760,Travessa,Otávio MangabeIra,,,Cristo Rei
43702-765,Beco,Otávio MangabeIra,,,Cristo Rei
43702-770,Largo,Otávio MangabeIra,,,Cristo Rei
43702-775,Rua,da Palinha,,,Cristo Rei
43702-780,1ª Travessa,da Palinha,,,Cristo Rei
43702-785,2ª Travessa,da Palinha,,,Cristo Rei
43702-790,Rua,Amor Divino,,,Cristo Rei
43702-795,Rua,São  Cristóvão,,,Cristo Rei
43702-800,Rua,Baraúna,,,Cristo Rei
43702-805,3ª Travessa,Baraúna,,,Cristo Rei
43702-810,2ª Travessa,Baraúna,,,Cristo Rei
43702-815,Travessa,Baraúna,,,Cristo Rei
43702-820,Rua,21 de Abril,,,Cristo Rei
43702-825,2ª Travessa,21 de Abril,,,Cristo Rei
43702-830,1ª Travessa,21 de Abril,,,Cristo Rei
43702-835,Rua,da Graça,,,Cristo Rei
43702-840,Rua,Campinas,,,Cristo Rei
43702-845,Rua,Feira de Santana,,,Cristo Rei
43702-850,Travessa,Feira de Santana,,,Cristo Rei
43702-855,Rua,Valença,,,Cristo Rei
43702-860,Rua,Ubaitaba,Antigo Beco Valença,,Cristo Rei
43702-865,Travessa,Valença,,,Cristo Rei
43702-870,Rua,Rio Branco,,,Cristo Rei
43702-875,Rua,Otávio MangabeIra,,,Cristo Rei
43702-880,Rua,Nova,,,Cristo Rei
43702-885,Rua,Visconde de Mauá,,,Cristo Rei
43702-890,Rua,Piracicaba,,,Cristo Rei
43702-895,Beco,Pouso das Águias,,,Cristo Rei
43703-000,Rua,Caravelas,,,Cristo Rei
43703-005,Rua,Leonardo Luís,,,Cristo Rei
43703-010,Rua,Dorotéia,,,Cristo Rei
43703-015,Rua,Resende Costa,,,Cristo Rei
43703-020,Rua,Santos Dumont,,,Cristo Rei
43703-025,Rua,São  Bernardo,,,Cristo Rei
43703-030,Beco,da Pátria,,,Cristo Rei
43703-035,Travessa,São  Miguel,,,Cristo Rei
43703-040,2ª Travessa,Almirante  Barroso,,,Cristo Rei
43703-045,Rua,da Fonte,,,Cristo Rei
43703-050,2ª Travessa,São  Cristóvão,,,Cristo Rei
43703-055,Rua,Mauá,,,Cristo Rei
43703-060,Rua,da Misericórdia,,,Cristo Rei
43703-065,Rua,Dois de Julho,,,Cristo Rei
43703-070,Travessa,Dois de Julho,,,Cristo Rei
43703-075,Rua,Almirante  Barroso,,,Cristo Rei
43703-080,1ª Travessa,Almirante  Barroso,,,Cristo Rei
43703-085,Beco,São  Bernardo,,,Cristo Rei
43703-090,Rua,Eunápolis,,,Cristo Rei
43703-095,Rua,Porto Seguro,,,Cristo Rei
43703-100,Rua,Almirante  Tamandaré,,,Cristo Rei
43703-105,Rua,Pouso das Águias,,,Cristo Rei
43703-110,Caminho,Almirante  Barroso,,,Cristo Rei
43703-115,Rua,Eduardo Simões,,,Cristo Rei
43703-120,Rua,São  Vicente,,,Cristo Rei
43703-125,Rua,Riachuelo,,,Cristo Rei
43703-130,Escada,Riachuelo,,,Cristo Rei
43703-135,Travessa,Riachuelo,,,Cristo Rei
43703-140,Travessa,Washington Luís,,,Cristo Rei
43703-200,Avenida,Washington Luís,,,Cristo Rei
43703-210,Avenida,Washington Luís,,,Engenho Novo
43703-215,Rua,Mem de Sá,,,Engenho Novo
43703-220,Rodovia,BA-093,,,Engenho Novo
43703-225,Rua,13 de Maio,,,Engenho Novo
43703-230,Rua,Espanha,,,Engenho Novo
43703-235,Rua,do  Canal,,,Engenho Novo
43703-240,Rua,MéxIco,,,Engenho Novo
43703-245,Beco,Mem de Sá,,,Engenho Novo
43703-250,Rua,Inglaterra,,,Engenho Novo
43703-255,Rua,Duarte Coelho,,,Engenho Novo
43703-410,Rua,São  Luiz,,,Engenho Novo
43703-670,Rua,Ivonice,,,Engenho Novo
43703-675,Rua,Estácio de Sá,,,Engenho Novo
43703-680,Travessa,Pernambuco,,,Engenho Novo
43703-685,Rua,Pernambuco,,,Engenho Novo
43703-690,Rua,Alagoas,,,Engenho Novo
43703-695,Rua,Estácio de Sá II,,,Engenho Novo
43703-700,Rua,Presidente  Castelo Branco,,,Engenho Novo
43703-705,Travessa,Presidente  Castelo Branco,,,Engenho Novo
43703-710,Rua,da Cerâmica,Antiga Rua Edson Almeida,,Engenho Novo
43703-715,Rua,da Grécia,,,Engenho Novo
43703-720,Rua,da Babilônia,,,Engenho Novo
43703-725,3ª Travessa,Estácio de Sá,,,Engenho Novo
43703-730,2ª Travessa,Estácio de Sá,,,Engenho Novo
43703-735,1ª Travessa,Estácio de Sá,,,Engenho Novo
43703-740,Rua,São  Clemente,Antiga Rua São Roque I,,Engenho Novo
43703-745,Travessa,São  Clemente,Antiga Rua E,,Engenho Novo
43703-750,Travessa,Estácio de Sá,Antiga Rua Portela,,Engenho Novo
43703-755,Rua,São  Roque,,,Engenho Novo
43703-760,Travessa,Jaime Santana Sodré Pereira,Antiga Travessa Boa Fé,,Engenho Novo
43703-765,Rua,I,,,Engenho Novo
43703-770,Rua,Jaime Santana Sodré Pereira,Antiga Rua Boa Fé,,Engenho Novo
43703-775,Rua,F,,,Engenho Novo
43703-780,Rua,A,,,Engenho Novo
43703-785,Rua,Bráulio Muniz,,,Engenho Novo
43703-790,Rua,Arlete Serra,Antiga Tv Braulio Muniz,,Engenho Novo
43703-795,1ª Travessa,São  Roque,,,Engenho Novo
43703-800,Travessa,Braúlio MunIz II,Antiga Tv. Braulio Muniz IV,,Engenho Novo
43703-805,Travessa,Bráulio Muniz I,Antiga Tv. Braulio Muniz II,,Engenho Novo
43703-810,Travessa,Santa  Rita,Antiga Tv.I Braulio Muniz,,Engenho Novo
43703-815,Travessa,Simões II,Antiga Tv. 1° Simões,,Engenho Novo
43703-820,Rua,Cavan Ville,,,Engenho Novo
43703-825,Travessa,Bráulio Muniz,Antigo Beco Paulo Ganem Souto,,Engenho Novo
43703-830,Avenida,Simões,,,Engenho Novo
43703-835,Travessa,Simões V,Antiga Tv. da Rua C,,Engenho Novo
43703-840,Travessa,Clementino Rodrigues,Antiga Tv. Simões,,Engenho Novo
43703-845,Travessa,Simões III,Antigo Caminho A,,Engenho Novo
43703-850,Caminho,A,,,Engenho Novo
43703-855,Rua,Afonso HenrIque,,,Engenho Novo
43703-860,Rua,Bráulio Muniz I,,,Engenho Novo
43703-865,2ª Travessa,Bráulio Muniz I,,,Engenho Novo
43703-870,Rua,C,,(Lot José Honorato),Engenho Novo
43703-875,Rua,D,,(Lot José Honorato),Engenho Novo
43703-880,Rua,B,,(Lot José Honorato),Engenho Novo
43703-885,Rua,E,,(Lot José Honorato),Engenho Novo
43703-890,Rua,L,,(Lot José Honorato),Engenho Novo
43703-895,Rua,J,,(Lot José Honorato),Engenho Novo
43704-000,5ª Travessa,dos Eucaliptos,,,Engenho Novo
43704-005,Rua,M,,(Lot José Honorato),Engenho Novo
43704-010,Beco,da 5ª Travessa dos Eucaliptos I,,,Engenho Novo
43704-015,6ª Travessa,dos Eucaliptos,,,Engenho Novo
43704-020,Beco,dos Eucaliptos,,,Engenho Novo
43704-025,Beco,da 5ª Travessa dos Eucaliptos,,,Engenho Novo
43704-030,Beco,dos Eucaliptos II,,,Engenho Novo
43704-035,Avenida,dos Eucaliptos,Antiga Av. Paulo Ganem Souto,,Engenho Novo
43704-040,4ª Travessa,dos Eucaliptos,,,Engenho Novo
43704-045,Rua,Clementino Rodrigues,,,Engenho Novo
43704-050,Travessa,Simões I,,,Engenho Novo
43704-055,Travessa,Simões IV,,,Engenho Novo
43704-060,Travessa,dos Eucaliptos,,,Engenho Novo
43704-065,Rua,Santa  Rita,,,Engenho Novo
43704-070,Travessa,Jean Deffense,,,Engenho Novo
43704-075,Rua,Cotegipe,,Lot. Cavan Ville,Engenho Novo
43704-080,Rua,Itamboatá,,Lot. Cavan Ville,Engenho Novo
43704-085,Rua,Guipe,,Lot. Cavan Ville,Engenho Novo
43704-090,Rua,ParamerIm,,Lot. Cavan Ville,Engenho Novo
43704-095,Rua,Sarapo,,Lot. Cavan Ville,Engenho Novo
43704-100,Rua,Kirimure,,Lot. Cavan Ville,Engenho Novo
43704-105,Rua,Rio das Pedras,,Lot. Cavan Ville,Engenho Novo
43704-110,Rua,Engenheiro  José Luiz Muller Godoy,,Lot. Cavan Ville,Engenho Novo
43704-115,Rua,Aratu,,Lot. Cavan Ville,Engenho Novo
43704-120,Rua,Rio Joanes,,Lot. Cavan Ville,Engenho Novo
43704-125,Rua,Ipitanga,,Lot. Cavan Ville,Engenho Novo
43704-130,Rua,da Linha,,,Engenho Novo
43704-135,Via,Férrea,,,Engenho Novo
43704-140,Rua,Água ComprIda,,,Engenho Novo
43704-150,Rua,Água ComprIda,,,Luís Eduardo Magalhães
43704-155,1ª Travessa,Estácio de Sá,,,Luís Eduardo Magalhães
43704-160,Rua,São  Clemente,Antiga Rua São Roque I,,Luís Eduardo Magalhães
43704-165,3ª Travessa,Estácio de Sá,,,Luís Eduardo Magalhães
43704-420,Travessa,Jubiabá,,,Luís Eduardo Magalhães
43704-425,Rua,Jubiabá,,,Luís Eduardo Magalhães
43704-430,Rua,Panamá,,,Luís Eduardo Magalhães
43704-435,Rua,Itália,,,Luís Eduardo Magalhães
43704-440,Rua,Montes Claros,,,Luís Eduardo Magalhães
43704-445,Rua,do Egito,,,Luís Eduardo Magalhães
43704-450,Rua,da Babilônia,,,Luís Eduardo Magalhães
43704-455,Rua,da Grécia,,,Luís Eduardo Magalhães
43704-460,Rua,da Cerâmica,,,Luís Eduardo Magalhães
43704-465,Rua,Japão,,,Luís Eduardo Magalhães
43704-470,Rua,Tahiti,,,Luís Eduardo Magalhães
43704-475,Rua,Itatiaia,,,Luís Eduardo Magalhães
43704-480,Travessa,Japão,Antiga 1° da Rua T,,Luís Eduardo Magalhães
43704-485,Rua,Manoel Dias da Silva,,,Luís Eduardo Magalhães
43704-490,Rua,Austrália,,,Luís Eduardo Magalhães
43704-495,1ª Travessa,Austrália,,,Luís Eduardo Magalhães
43704-500,2ª Travessa,Austrália,,,Luís Eduardo Magalhães
43704-505,Rua,Turquia,,,Luís Eduardo Magalhães
43704-510,3ª Travessa,Turquia,,,Luís Eduardo Magalhães
43704-515,2ª Travessa,Turquia,,,Luís Eduardo Magalhães
43704-520,Travessa,Turquia,,,Luís Eduardo Magalhães
43704-525,Rua,Felipe Camarão,,,Luís Eduardo Magalhães
43704-530,Rua,Coréia do Norte,,,Luís Eduardo Magalhães
43704-535,Rua,Coréia do Sul,,,Luís Eduardo Magalhães
43704-540,Rua,Ayrton Senna,,,Luís Eduardo Magalhães
43704-545,Rua,Doutor  Mozart,,,Luís Eduardo Magalhães
43704-550,Rua,Senhor do BonfIm,,,Luís Eduardo Magalhães
43704-555,Rua,Edgar Santos,,,Luís Eduardo Magalhães
43704-560,Rua,da Linha,,,Luís Eduardo Magalhães
43704-565,Avenida,Antônio Carlos Magalhães,,,Luís Eduardo Magalhães
43704-570,Via,Férrea,,,Luís Eduardo Magalhães
43704-580,Rua,Dois de Julho,,,Parque Continental
43704-610,Rua,Almirante  Barroso,,,Parque Continental
43704-612,Rua,F,,,Parque Continental
43704-614,Rua,Paraguaçu,,,Parque Continental
43704-616,Rua,Guarani,,,Parque Continental
43704-618,Rua,São  Pedro,,,Parque Continental
43704-620,Avenida,Washington Luís,,,Parque Continental
43704-622,Rua,C,,,Parque Continental
43704-624,Rua,São  Jorge,,,Parque Continental
43704-626,Rua,Sete de Setembro,,,Parque Continental
43704-628,Rua,K,,,Parque Continental
43704-630,Rua,ZB,,,Parque Continental
43704-632,Travessa,São  Cristóvão,,,Parque Continental
43704-634,Rua,São  Cristóvão,,,Parque Continental
43704-636,Rua,GA,,,Parque Continental
43704-638,Rua,Santana,,,Parque Continental
43704-640,Rua,MB,,,Parque Continental
43704-642,Rua,MC,,,Parque Continental
43704-644,Rua,M,,,Parque Continental
43704-646,Rua,do Carmo,,,Parque Continental
43704-648,Rua,J,,,Parque Continental
43704-650,Rua,Nove de Janeiro,,,Parque Continental
43704-652,Rua,Vinte e Dois de Abril,,,Parque Continental
43704-654,Rua,Nossa Senhora  Aparecida,,,Parque Continental
43704-656,Avenida,Baraúna,,,Parque Continental
43704-658,Rua,ZA,,,Parque Continental
43704-660,Rua,Z,,,Parque Continental
43704-662,Rua,Y,,,Parque Continental
43704-664,Rua,Costa Azul,,,Parque Continental
43704-666,Rua,V,,,Parque Continental
43704-668,Travessa,W,,,Parque Continental
43704-670,3ª Travessa,ZC,,,Parque Continental
43704-672,2ª Travessa,ZC,,,Parque Continental
43704-674,1ª Travessa,ZC,,,Parque Continental
43704-740,Rua,ZC,,,Parque Continental
43704-742,Rua,do Amor Divino,,,Parque Continental
43704-744,2ª Travessa,Tocantins,,,Parque Continental
43704-746,Rua,São  Marcos,,,Parque Continental
43704-748,Rua,Isaac Newton,,,Parque Continental
43704-750,Rua,Thomas Edison,,,Parque Continental
43704-752,Rua,Iracema,,,Parque Continental
43704-754,Rua,Lago Azul,,,Parque Continental
43704-756,Rua,São  Matheus,,,Parque Continental
43704-758,Rua,Tiradentes,,,Parque Continental
43704-760,Via,Férrea,,,Parque Continental
43705-000,Via,Férrea,,,Km 25
43705-005,Rua,O,,(Lot Sol Nascente),Km 25
43705-010,Rua,Santa  Bárbara,,,Km 25
43705-015,Rua,São  João,,,Km 25
43705-020,Rua,São  José,,,Km 25
43705-025,Rua,Eliza Góes Santana,,,Km 25
43705-030,Travessa,São  José,,,Km 25
43705-035,Rua,Major  Tapioca,,,Km 25
43705-040,Avenida,Engenheiro  Walter Aragão de Souza,,,Km 25
43705-045,Rua,da Fazenda,,,Km 25
43705-050,Travessa,Engenheiro  Walter Aragão de Souza,,,Km 25
43705-055,Rua,Doutora  Delma,,,Km 25
43705-060,Rua,São  Sebastião,,,Km 25
43705-065,Rua,Doutor  Alves,,,Km 25
43705-070,Rua,Alto da Boa Vista,,,Km 25
43705-075,Rua,L,,(Lot Sol Nascente),Km 25
43705-080,Avenida,Luís Eduardo Magalhães,,,Km 25
43705-085,Rua,A,,(Lot Sol Nascente),Km 25
43705-090,Rua,Manoel Bento de Souza,,,Km 25
43705-095,Travessa,Aloísio,,,Km 25
43705-100,Rua,Belém do Pará,,,Km 25
43705-105,Beco,Maceió I,,,Km 25
43705-110,Rua,São  Luís do Maranhão,,,Km 25
43705-115,Beco,São  Luís do Maranhão,,,Km 25
43705-120,Rua,Teresina,,,Km 25
43705-125,Rua,Belo Horizonte,,,Km 25
43705-130,Rua,Manaus,,,Km 25
43705-135,Rua,Santa  Catarina,,,Km 25
43705-140,Rua,Paraná,,,Km 25
43705-145,Rua,Amazonas,,,Km 25
43705-150,Rua,Natal,,,Km 25
43705-155,Rua,João Pessoa,,,Km 25
43705-160,Avenida,Recife,,,Km 25
43705-165,Rua,Fortaleza,,,Km 25
43705-170,Rua,Porto Alegre,,,Km 25
43705-175,Rua,Florianópolis,,,Km 25
43705-180,Rua,Curitiba,,,Km 25
43705-185,Rua,São  Paulo,,,Km 25
43705-190,Travessa,São  Paulo,,,Km 25
43705-195,Rua,D,,,Km 25
43705-200,Rua,C,,,Km 25
43705-205,Travessa,Santa  Catarina,,,Km 25
43705-210,3ª Travessa,Vivenda dos Pássaros,,,Km 25
43705-215,Rua,Vivendas dos Pássaros II,,,Km 25
43705-220,Travessa,Santa  Catarina II,,,Km 25
43705-225,Rua,Vivendas dos Pássaros I,,,Km 25
43705-230,Travessa,Vivenda dos Pássaros III,,,Km 25
43705-235,Beco,Vivendas dos Pássaros I,,,Km 25
43705-240,Travessa,Vivenda dos Pássaros,,,Km 25
43705-245,Travessa,Vivendas dos Pássaros I,,,Km 25
43705-250,2ª Travessa,Vivenda dos Pássaros,,,Km 25
43705-255,Beco,Maria Bonita III,,,Km 25
43705-260,Rua,Maria Bonita III,,,Km 25
43705-265,Caminho,Vivenda dos Pássaros,,,Km 25
43705-520,Rua,Boa Vista,,,Km 25
43705-525,4ª Travessa,Maceió,,,Km 25
43705-530,3ª Travessa,Maceió,,,Km 25
43705-535,2ª Travessa,Maceió,,,Km 25
43705-540,2ª Travessa,Salvador,,,Km 25
43705-545,Travessa,Salvador,,,Km 25
43705-550,Rua,Salvador,,,Km 25
43705-555,Rua,do Campo,,,Km 25
43705-560,Rua,Cuiabá,,,Km 25
43705-565,Rua,Macapá,,,Km 25
43705-570,Rua,Maceió,,,Km 25
43705-575,Rua,Goiânia,,,Km 25
43705-580,Rua,Juazeiro,Antiga Tv. São José,,Km 25
43705-585,Travessa,Aracaju,,,Km 25
43705-590,Rua,Aracaju,,,Km 25
43705-595,Rua,Campo Grande,,,Km 25
43705-600,Rua,da Guiné,,,Km 25
43705-605,Rua,Rio de Janeiro,,,Km 25
43705-610,Rua,Guanabara,,,Km 25
43705-615,Rua,Vitória,,,Km 25
43705-620,Beco,Maceió,,,Km 25
43705-710,Avenida,Camaçari,,,Km 25
43705-715,Rua,Itaparica,,,Km 25
43705-720,Rua,Machado de Assis,,,Km 25
43705-730,Avenida,Maria Bernadete Pacífico,,,Km 30
43706-090,Rua,Machado de Assis,,,Km 30
43706-095,Avenida,Engenheiro  Walter Aragão de Souza,,,Km 30
43706-100,Travessa,Itaparica,,,Km 30
43706-105,Rua,Itaparica,,,Km 30
43706-110,Rua,Candeias,,,Km 30
43706-115,Rua,Lauro de Freitas,,,Km 30
43706-120,Escada,Engenheiro  Walter Aragão de Souza,,,Km 30
43706-125,Acesso,Nossa Senhora da Paz,,,Km 30
43706-130,Rua,Nossa Senhora da Luz,,,Km 30
43706-135,2º Beco,Nossa Senhora da Luz,,,Km 30
43706-140,Rua,São  Francisco,,,Km 30
43706-145,Travessa,São  João,,,Km 30
43706-150,Largo,São  Miguel,,,Km 30
43706-155,Rua,São  João,,,Km 30
43706-160,Rua,Padre  Pedro Rabau,,,Km 30
43706-165,1ª Travessa,Margarida Merz,,,Km 30
43706-170,Travessa,Margarida Merz,,,Km 30
43706-175,Rua,Margarida Merz,,,Km 30
43706-180,Rua,São  Domingos,,,Km 30
43706-185,Rua,B,,,Km 30
43706-190,Rua,R,,,Km 30
43706-195,Rua,F,,,Km 30
43706-200,Rua,G,,,Km 30
43706-205,Avenida,Professor  Jorge Portugal,Antiga Rua H,,Km 30
43706-210,Rua,E,,,Km 30
43706-215,Rua,D,,,Km 30
43706-220,Rua,C,,,Km 30
43706-225,Rua,Natal,,,Km 30
43706-230,Rua,São  Miguel,,,Km 30
43706-235,1º Beco,Nossa Senhora da Paz,,,Km 30
43706-240,Travessa,Nossa Senhora da Paz,,,Km 30
43706-245,Rua,Nossa Senhora da Paz,,,Km 30
43706-250,Via,Férrea,,,Km 30
43706-255,Rua,Murici,,,Km 30
43706-260,Travessa,Camaçari,,,Km 30
43706-265,Avenida,Camaçari,,,Km 30
43706-270,Beco,Brejal II,,,Km 30
43706-275,Beco,Brejal I,,,Km 30
43706-280,Praça,Brejal,,,Km 30
43706-285,Rua,Brejal,,,Km 30
43706-290,Rua,Central,,,Km 30
43706-295,1ª Travessa,Camaçari,,,Km 30
43706-300,Rua,Gifone,,,Km 30
43706-305,Travessa,Gifone,,,Km 30
43706-310,Travessa,Tiradentes,,,Km 30
43706-315,Rua,Tiradentes,,,Km 30
43706-320,Rua,São  Marcos,,,Km 30
43706-325,Rua,Tupy,,,Km 30
43706-330,Travessa,da Lavanderia,,,Km 30
43706-335,Rua,da Lavanderia,,,Km 30
43706-340,Rua,Piauí,,,Km 30
43706-345,Rua,Niterói,,,Km 30
43706-350,Rua,do Trem,,,Km 30
43706-355,Rua,Tucuruí,,,Km 30
43706-360,Travessa,Tucuruí,,,Km 30
43706-365,Beco,Tocantins,,,Km 30
43706-370,Caminho,Tocantins,,,Km 30
43706-375,Rua,Tocantins,,,Km 30
43706-380,2ª Travessa,Tocantins,,,Km 30
43706-385,4ª Travessa,Tocantins,,,Km 30
43706-390,1ª Travessa,Tocantins,,,Km 30
43706-395,3ª Rua,Tocantins,,,Km 30
43706-400,Rua,do Amor Divino,,,Km 30
43706-405,Rua,W,,,Km 30
43706-410,Travessa,W,,,Km 30
43706-415,Rua,Cinco,,,Km 30
43706-420,Travessa,Deus da Esperança,Antiga Rua Deus da Esperança,,Km 30
43706-425,Rua,Deus da Esperança,,,Km 30
43706-430,Rua,Sabiá,,,Km 30
43706-435,Rua,Beija-flor,,,Km 30
43706-440,Rua,Curió,,,Km 30
43706-445,Rua,Coruja,,,Km 30
43706-450,Rua,Canário,,,Km 30
43706-455,Travessa,Canário,,,Km 30
43706-460,Rua,Bem-te-vi,,,Km 30
43706-465,Travessa,Bem-te-vi,,,Km 30
43706-470,Rua,Tucano,,,Km 30
43706-475,Travessa,Tucano,,,Km 30
43706-480,2ª Travessa,Tucano,,,Km 30
43706-820,Avenida,Camaçari,,,Tiro Seguro
43706-825,Rua,Marechal  Rondom,,,Tiro Seguro
43706-830,Rua,Antônio Feijó,,,Tiro Seguro
43706-835,Beco,Marechal  Rondon,,,Tiro Seguro
43706-840,Travessa,Marechal  Rondon,,,Tiro Seguro
43706-845,3ª Travessa,Camaçari,,,Tiro Seguro
43706-850,4ª Travessa,Camaçari,,,Tiro Seguro
43706-855,Rua,Camaçari,,,Tiro Seguro
43706-860,Rua,São  Félix,,,Tiro Seguro
43706-865,6ª Travessa,Camaçari,,,Tiro Seguro
43706-870,Rua,Santo  Amaro,,,Tiro Seguro
43707-360,Via,Férrea,,,Simões Filho I
43707-365,Rua,I,,(Lot João Aragão),Simões Filho I
43707-370,Avenida,Professor  Jorge Portugal,Antiga Rua H,,Simões Filho I
43707-375,Rua,J,,,Simões Filho I
43707-380,Rua,L,,(Lot João Aragão),Simões Filho I
43707-385,Rua,M,,(Lot João Aragão),Simões Filho I
43707-390,Rua,N,,(Lot João Aragão),Simões Filho I
43707-395,Rua,O,,(Lot João Aragão),Simões Filho I
43707-400,Rua,Q,,(Lot João Aragão),Simões Filho I
43707-405,Rua,P,,(Lot João Aragão),Simões Filho I
43707-410,Rua,B,,,Simões Filho I
43707-415,Rua,A,,,Simões Filho I
43707-420,Rua,N,,,Simões Filho I
43707-425,Rua,P,,,Simões Filho I
43707-430,Rua,Q,,,Simões Filho I
43707-435,Rua,R,,,Simões Filho I
43707-440,Rua,S,,,Simões Filho I
43707-445,Caminho,5,,,Simões Filho I
43707-450,Caminho,4,,,Simões Filho I
43707-455,Caminho,3,,,Simões Filho I
43707-460,Caminho,2,,,Simões Filho I
43707-465,Caminho,1,,,Simões Filho I
43707-470,Caminho,6,,,Simões Filho I
43707-475,Caminho,7,,,Simões Filho I
43707-480,Caminho,8,,,Simões Filho I
43707-485,Caminho,9,,,Simões Filho I
43707-490,Caminho,10,,,Simões Filho I
43707-495,Rua,O,,,Simões Filho I
43707-500,Rua,C,,,Simões Filho I
43707-505,Rua,M,,,Simões Filho I
43707-510,Caminho,11,,,Simões Filho I
43707-515,Caminho,12,,,Simões Filho I
43707-520,Estrada,2ª Etapa,,,Simões Filho I
43707-525,Rua,L,,,Simões Filho I
43707-530,Rua,D,,,Simões Filho I
43707-535,Caminho,13,,,Simões Filho I
43707-540,Caminho,14,,,Simões Filho I
43707-545,Caminho,15,,,Simões Filho I
43707-550,Rua,E,,,Simões Filho I
43707-555,Rua,G,,,Simões Filho I
43707-560,Caminho,16,,,Simões Filho I
43707-565,Caminho,17,,,Simões Filho I
43707-570,Rua,F,,,Simões Filho I
43707-575,Rua,H,,,Simões Filho I
43707-580,Beco,do Caminho18,,,Simões Filho I
43707-585,Caminho,18,,,Simões Filho I
43707-590,Beco,da Rua I,,,Simões Filho I
43707-595,Rua,I,,,Simões Filho I
43707-600,Rua,da Rótula,,,Simões Filho I
43707-605,Travessa,da Rótula,,,Simões Filho I
43707-610,Retorno,de Simões Filho I,,,Simões Filho I
43707-615,Estrada,3ª Etapa,,,Simões Filho I
43707-620,Caminho,20,,,Simões Filho I
43707-625,Caminho,19,,,Simões Filho I
43707-630,Caminho,21,,,Simões Filho I
43707-635,Caminho,22,,,Simões Filho I
43707-640,Caminho,23,,,Simões Filho I
43707-645,Rua,25,,,Simões Filho I
43707-650,Rua,Áurea Nascimento,,,Simões Filho I
43707-655,Rua,da Independência,,,Simões Filho I
43707-660,Rua,Ayrton Senna da Silva,,,Simões Filho I
43707-665,Rua,Atlântica,,,Simões Filho I
43707-670,Travessa,Irmã  Dulce,,,Simões Filho I
43707-675,Rua,Gregório de Matos,,,Simões Filho I
43707-680,Rua,da Paz,,,Simões Filho I
43707-685,Rua,Silva,,,Simões Filho I
43707-690,Rua,Distrito Federal,,,Simões Filho I
43707-700,Travessa,Cristo é Vida,,,Simões Filho I
43707-695,Travessa,Distrito Federal,,,Simões Filho I
43707-705,Rua,Cristo é Vida,,,Simões Filho I
43707-710,Avenida,Engenheiro  Walter Aragão de Souza,,,Simões Filho I
43707-870,Avenida,Maria Bernadete Pacífico,,,Góes Calmon
43708-280,Avenida,Engenheiro  Walter Aragão de Souza,,,Góes Calmon
43708-290,Via,Férrea,,,Góes Calmon
43708-300,Avenida,José Ananias de Santana,,,Góes Calmon
43708-310,Rua,Francelino Copirunga,,,Góes Calmon
43708-320,Acesso,Visconde de Mauá,,,Góes Calmon
43708-330,Estrada,de Sarapo,,,Góes Calmon
43708-340,Avenida,Visconde de Mauá,,,Góes Calmon
43708-350,Rua,da Fontinha,,,Góes Calmon
43708-360,Rua,das Rosas,,,Góes Calmon
43708-370,Rua,Alto da CaIxa D'Água,,,Góes Calmon
43708-380,Rua,José Marcelino Conceição,,,Góes Calmon
43708-390,Beco,José Marcelino Conceição,,,Góes Calmon
43708-400,2ª Travessa,José Marcelino Conceição,,,Góes Calmon
43708-410,Beco,do Campo,,,Góes Calmon
43708-420,Rua,do Campo,,,Góes Calmon
43708-430,Rua,Vinte e Cinco de Dezembro,,,Góes Calmon
43708-440,Rua,Marcelino Aldo Piana,,,Góes Calmon
43708-450,Travessa,Bela Vista,,,Góes Calmon
43708-460,Rua,Bela Vista,,,Góes Calmon
43708-470,Rua,Januário de Santana,,,Góes Calmon
43708-480,Travessa,Januário de Santana,,,Góes Calmon
43708-490,1ª Travessa,Januário de Santana,,,Góes Calmon
43708-500,Rua,Tombador,,,Góes Calmon
43708-510,Rua,Santo  Antônio,,,Góes Calmon
43708-520,Travessa,Santo  Antônio,,,Góes Calmon
43708-530,Rua,F,,,Góes Calmon
43708-540,Travessa,C,,,Góes Calmon
43708-550,Rua,C,,,Góes Calmon
43708-560,Escada,Manoel Góes Santana,,,Góes Calmon
43708-570,Rua,Miguel Gomes de Santana,,,Góes Calmon
43708-580,Travessa,Santa  Terezinha,,,Góes Calmon
43708-590,Rua,Manoel Góes Santana,,,Góes Calmon
43708-600,Travessa,Manoel Góes Santana,,,Góes Calmon
43708-610,Acesso,Manoel Góes Santana,,,Góes Calmon
43708-620,Travessa,Tombador,,,Góes Calmon
43708-630,Rua,Antônio Barros,,,Góes Calmon
43708-640,Rua,Didier Santana,,,Góes Calmon
43708-650,Rua,Alfredo Barros,,,Góes Calmon
43708-660,Rua,Santa  Terezinha,,,Góes Calmon
43708-670,Rua,G,Antiga Rua A,,Góes Calmon
43708-680,Rua,H,,,Góes Calmon
43708-690,Travessa,Januário de Santana,,,Góes Calmon
43708-700,2ª Rua,Januário de Santana,,,Góes Calmon
43708-710,Rua,Oitizeiro,,,Góes Calmon
43708-720,Beco,Oitizeiro,,,Góes Calmon
43708-730,Travessa,Oitizeiro,,,Góes Calmon
43708-740,Rua,do Cemitério,,,Góes Calmon
43708-750,Estrada,Cova da Gia,,,Góes Calmon
43709-360,Conjunto,BA-535,,,Góes Calmon
43709-770,Avenida,Maria Bernadete Pacífico,,,Cova da Gia
43710-280,Estrada,Cova da Gia,,,Cova da Gia
43710-290,Rua,Sítio Esperança,,,Cova da Gia
43710-610,2º Beco,Maringá,,,Cova da Gia
43710-620,Travessa,Maringá,,,Cova da Gia
43710-630,Rua,Maringá,,,Cova da Gia
43710-640,1ª Rua,Maringá,,,Cova da Gia
43710-650,Rua,Londrina,,,Cova da Gia
43710-700,Rua,do Sossego,,,Cova da Gia
43710-710,Rua,Colorado,,,Cova da Gia
43710-720,Largo,Colorado,,,Cova da Gia
43710-730,Rua,Recanto da Pitanguinha,,,Cova da Gia
43710-740,Rua,Pacaembu,,,Cova da Gia
43710-750,2ª Travessa,Pacaembu,,,Cova da Gia
43710-760,1ª Travessa,Pacaembu,,,Cova da Gia
43710-770,Rua,Edson Arantes do Nascimento,Antiga Rua Cova da Gia,,Cova da Gia
43710-780,Rua,Serra Dourada,,,Cova da Gia
43710-790,Rua,São  Januário,,,Cova da Gia
43710-800,Rua,Mané Garrincha,,,Cova da Gia
43710-810,Rua,Maracanã,,,Cova da Gia
43710-820,Rua,Beira Rio,,,Cova da Gia
43710-830,Rua,Morumbi,,,Cova da Gia
43710-840,Rua,Ilha do Retiro,,,Cova da Gia
43710-850,Rua,Nílton Santos,,,Cova da Gia
43711-040,Estrada,Cova da Gia,,,Pitanguinha
43711-045,Rua,Eduardo Santana,,,Pitanguinha
43711-050,Rua,João Arlego de Carvalho,,,Pitanguinha
43711-055,Alameda,da Pitanguinha,,,Pitanguinha
43711-060,Alameda,do Sossego,,,Pitanguinha
43711-065,Alameda,da Alegria,,,Pitanguinha
43711-070,Alameda,do Campo,,,Pitanguinha
43711-075,Rua,Igarapé,Antiga Rua Eduardo Santana,,Pitanguinha
43711-080,Rua,Iguatemi,,,Pitanguinha
43711-085,Rua,Sapucaia,,,Pitanguinha
43711-090,Rua,Guarani,Antiga Tv. Fazenda Nova,,Pitanguinha
43711-095,Travessa,Fazenda Nova,,,Pitanguinha
43711-100,Rua,Fazenda  Nova,,,Pitanguinha
43711-105,Largo,Fazenda Nova II,,,Pitanguinha
43711-110,Largo,Fazenda Nova,,,Pitanguinha
43711-115,Rua,Pirajá,,,Pitanguinha
43711-120,Rua,João Ubaldo Ribeiro,Antiga Rua Eduardo Santana,,Pitanguinha
43711-125,Rua,Castro Alves,,,Pitanguinha
43711-130,Travessa,João Ubaldo Ribeiro,,,Pitanguinha
43711-135,2ª Travessa,Castro Alves,,,Pitanguinha
43711-140,1ª Travessa,Castro Alves,,,Pitanguinha
43711-145,Rua,Tancredo Neves,,,Pitanguinha
43711-150,Travessa,João Arlego de Carvalho,,,Pitanguinha
43711-155,Rua,Carlos Lacerda,,,Pitanguinha
43711-160,Rua,Jorge Amado,,,Pitanguinha
43711-165,Beco,Carlos Lacerda,,,Pitanguinha
43711-170,Beco,Carlos Lacerda I,,,Pitanguinha
43711-175,Travessa,Tancredo Neves,,,Pitanguinha
43711-180,Rua,Érico Veríssimo,,,Pitanguinha
43711-185,Beco,Érico Veríssimo,,,Pitanguinha
43711-190,Rua,Monteiro Lobato,,,Pitanguinha
43711-195,2º Beco,Monteiro Lobato,,,Pitanguinha
43711-200,Beco,Nossa Senhora  Aparecida,,,Pitanguinha
43711-205,Rua,Bom Jesus,,,Pitanguinha
43711-210,Rua,Santo  Antônio,,,Pitanguinha
43711-215,Avenida,Edson Luiz,Antiga Estrada do Lobão,,Pitanguinha
43711-220,4ª Travessa,Edson Luiz,,,Pitanguinha
43711-225,3ª Travessa,Edson Luiz,,,Pitanguinha
43711-230,5ª Travessa,Edson Luiz,,,Pitanguinha
43711-235,1ª Travessa,Edson Luiz,,,Pitanguinha
43711-240,2ª Travessa,Edson Luiz,,,Pitanguinha
43711-245,Rua,Vital Brasil,,,Pitanguinha
43711-250,Rua,São  José,,,Pitanguinha
43711-255,Travessa,Amêndoa,,,Pitanguinha
43711-260,1º Beco,Vital Brasil,,,Pitanguinha
43711-265,Rua,Nova Brasília,,,Pitanguinha
43711-270,1ª Travessa,Boa Esperança,,,Pitanguinha
43711-275,2ª Travessa,Boa Esperança,,,Pitanguinha
43711-280,Rua,Boa Esperança,,,Pitanguinha
43711-285,Rua,da Mangabeira,,,Pitanguinha
43711-290,Beco,da Mangabeira,,,Pitanguinha
43711-295,Rua,Cabral,,,Pitanguinha
43711-300,Rua,Dutra,,,Pitanguinha
43711-305,2ª Travessa,da Mangabeira,,,Pitanguinha
43711-310,Rua,São  Raimundo,,,Pitanguinha
43711-315,Rua,Ademar de Barros,,,Pitanguinha
43711-320,Rua,João Figueiras,,,Pitanguinha
43711-325,Rua,Edmundo Costa,,,Pitanguinha
43711-330,Rua,Coutinho,,,Pitanguinha
43711-335,Rua,Antártica,,,Pitanguinha
43711-340,Travessa,Coutinho,,,Pitanguinha
43711-345,Rua,da Granja,,,Pitanguinha
43711-350,Rua,Santo  Amaro,,,Pitanguinha
43711-355,Rua,Nossa Senhora de Lourdes,,,Pitanguinha
43711-360,Rua,Santa  Luzia,,,Pitanguinha
43711-365,Rua,B,,,Pitanguinha
43711-370,Rua,A,,,Pitanguinha
43711-375,Travessa,das Pedrinhas,,,Pitanguinha
43711-380,Rua,Aldo Mouro,,,Pitanguinha
43711-385,Rua,das Pedrinhas,,,Pitanguinha
43711-390,2ª Travessa,das Pedrinhas,,,Pitanguinha
43711-395,3ª Travessa,das Pedrinhas,,,Pitanguinha
43711-400,Rua,São  Francisco,,,Pitanguinha
43711-405,Travessa,Santana,,,Pitanguinha
43711-410,Avenida,Santana,,,Pitanguinha
43711-415,Rua,Ernesto Simões Filho,,,Pitanguinha
43711-420,Travessa,Ernesto Simões Filho,Antiga Tv. Santana,,Pitanguinha
43711-425,Travessa,Ernesto Simões Filho II,Antigo Beco Santana I,,Pitanguinha
43711-430,Travessa,Ernesto Simões Filho III,Antigo Beco Santana II,,Pitanguinha
43711-435,Travessa,Ernesto Simões Filho IV,Antigo Beco Santana III,,Pitanguinha
43711-440,Rua,Costa e Silva,,,Pitanguinha
43711-445,Rua,Pitanguinha,,,Pitanguinha
43711-450,Beco,Pitanguinha I,,,Pitanguinha
43711-455,Beco,Pitanguinha II,,,Pitanguinha
43711-460,Rua,Beira Rio,,,Pitanguinha
43711-465,2ª Travessa,União,,,Pitanguinha
43711-470,6ª Travessa,da União,,,Pitanguinha
43711-475,5ª Travessa,União,,,Pitanguinha
43711-480,4ª Travessa,União,,,Pitanguinha
43711-485,3ª Travessa,União,,,Pitanguinha
43711-490,Rua,União,,,Pitanguinha
43711-495,1ª Travessa,União,,,Pitanguinha
43711-500,Rua,Senhor do Bonfim,,,Pitanguinha
43711-505,Beco,União,,,Pitanguinha
43711-510,2º Beco,Edson Luiz,,,Pitanguinha
43711-515,Rua,Iracema,,,Pitanguinha
43711-520,Rua,Floriano Peixoto,,,Pitanguinha
43711-525,1ª Travessa,Floriano Peixoto,,,Pitanguinha
43711-530,2ª Travessa,Floriano Peixoto,,,Pitanguinha
43711-535,Rua,L,,,Pitanguinha
43711-540,Rua,K,,,Pitanguinha
43711-545,Rua,J,,,Pitanguinha
43711-550,Rua,H,,,Pitanguinha
43711-555,Rua,G,,,Pitanguinha
43711-560,Rua,I,,,Pitanguinha
43711-565,Rua,F,,,Pitanguinha
43711-570,Rua,E,,,Pitanguinha
43711-575,Rua,D,,,Pitanguinha
43711-580,Rua,C,,,Pitanguinha
43711-585,Rua,B,,(Lot Lagoa Azul),Pitanguinha
43711-590,Rua,Rio Ipitanga,Antiga Rua A,,Pitanguinha
43711-595,Rua,Mata Atlântica,Antiga Rua Edson Luiz,,Pitanguinha
43711-600,Rua,Amazônia,,,Pitanguinha
43711-605,Travessa,Amazônia,,,Pitanguinha
43711-610,2ª Travessa,Amazônia,,,Pitanguinha
43711-870,Avenida,Heraldo Tinoco,,,Pitanguinha
43711-875,Estrada,da Pedreira,,,Pitanguinha
43713-000,Rodovia,BR-324,,,Ponto de Parada
43713-005,Acesso,BR-324,,,Ponto de Parada
43713-010,Rua,BR-324 II,,,Ponto de Parada
43713-015,Acesso,BR-324 III,,,Ponto de Parada
43713-020,Estrada,do SEST-SENAT,,,Ponto de Parada
43713-025,Rua,Baixa da Jaqueira,,,Ponto de Parada
43713-030,Rua,Paulo VI,,,Ponto de Parada
43713-035,1ª Travessa,Paulo VI,,,Ponto de Parada
43713-040,Travessa,Galícia,Antiga Tv. 2° Paulo VI,,Ponto de Parada
43713-045,Rua,Bahia,,,Ponto de Parada
43713-050,Rua,Vitória,,,Ponto de Parada
43713-055,1ª Travessa,Bahia,,,Ponto de Parada
43713-060,Escada,Bahia,,,Ponto de Parada
43713-065,3ª Travessa,Bahia,,,Ponto de Parada
43713-070,Travessa,Vitória da Conquista,Antiga Tv. 3° Bahia,,Ponto de Parada
43713-075,Rua,Vitória da Conquista,Antiga Tv. 2° Bahia,,Ponto de Parada
43713-080,Rua,Itapemirim,,,Ponto de Parada
43713-085,Rua,Teive E Argolo,,,Ponto de Parada
43713-090,Travessa,Professora  Maria de Souza Chaves,,,Ponto de Parada
43713-095,Rua,Juracy Magalhães,,,Ponto de Parada
43713-100,Rua,Professora  Maria de Souza Chaves,,,Ponto de Parada
43713-105,Rua,Inocêncio Antônio da Rocha,,,Ponto de Parada
43713-110,Rua,Engenheiro  Paulo Moreira,,,Ponto de Parada
43713-115,Escada,Engenheiro  Paulo MoreIra,,,Ponto de Parada
43713-120,Rua,da Caixa D'Água,,,Ponto de Parada
43713-125,Avenida,Lomanto JúnIor,,,Ponto de Parada
43713-130,Beco,Irênio Chaves,,,Ponto de Parada
43713-135,Rua,Irênio Chaves,,,Ponto de Parada
43713-140,Rua,General  Labatut,,,Ponto de Parada
43713-145,Escada,Duque de CaxIas,,,Ponto de Parada
43713-150,5ª Travessa,Engenheiro  Paulo MoreIra,,,Ponto de Parada
43713-155,4ª Travessa,Engenheiro  Paulo MoreIra,,,Ponto de Parada
43713-160,3ª Travessa,Engenheiro  Paulo MoreIra,,,Ponto de Parada
43713-165,Rua,O,,,Ponto de Parada
43713-170,2ª Travessa,Engenheiro  Paulo MoreIra,,,Ponto de Parada
43713-175,1ª Travessa,Engenheiro  Paulo MoreIra,,,Ponto de Parada
43713-180,Travessa,Marechal  Hermes da Fonseca,,,Ponto de Parada
43713-185,Travessa,Engenheiro  Paulo MoreIra,,,Ponto de Parada
43713-190,Travessa,General  Labatut,,,Ponto de Parada
43713-195,Praça,General  Labatut,,,Ponto de Parada
43713-200,Rua,Marechal  Hermes da Fonseca,,,Ponto de Parada
43713-205,Rua,Marechal  Deodoro,,,Ponto de Parada
43713-210,1ª Travessa,Marechal  Hermes da Fonseca,,,Ponto de Parada
43713-215,2ª Travessa,Marechal  Hermes da Fonseca,,,Ponto de Parada
43713-220,1ª Escada,da Rua Marechal Hermes da Fonseca,,,Ponto de Parada
43713-225,2ª Escada,da Rua Marechal Hermes da Fonseca,,,Ponto de Parada
43713-230,Rua,Tijuca,,,Ponto de Parada
43713-235,Rua,Patamares,,,Ponto de Parada
43713-240,Escada,Tijuca,,,Ponto de Parada
43713-245,Rua,Copacabana,,,Ponto de Parada
43713-250,Avenida,Floriano Peixoto,,,Ponto de Parada
43713-255,Rua,Piatã I,,,Ponto de Parada
43713-260,Beco,da Rua Piatã I,,,Ponto de Parada
43713-265,Avenida,Presidente  Castelo Branco,,,Ponto de Parada
43713-270,2ª Travessa,Presidente  Castelo Branco,,,Ponto de Parada
43713-275,Rua,Piatã II,,,Ponto de Parada
43713-280,Acesso,Piatã II,,,Ponto de Parada
43713-285,Caminho,Presidente  Médici,,,Ponto de Parada
43713-290,Avenida,Presidente  Médici,,,Ponto de Parada
43713-295,Rua,Presidente  Costa e SIlva,,,Ponto de Parada
43713-300,Rua,Manoel Francisco FerreIra,,,Ponto de Parada
43713-305,Rua,Nordeste,,,Ponto de Parada
43713-310,1ª Travessa,Presidente  Castelo Branco,,,Ponto de Parada
43713-315,Escada,Castelo Branco,,,Ponto de Parada
43713-320,Rua,dos Abrigados,,,Ponto de Parada
43713-325,Escada,dos Abrigados,,,Ponto de Parada
43713-330,Travessa,dos Abrigados,,,Ponto de Parada
43713-335,1ª Travessa,dos Abrigados,,,Ponto de Parada
43713-340,2ª Travessa,dos Abrigados,,,Ponto de Parada
43713-345,Rua,do Condomínio João Filgueiras Simões Filho,,,Ponto de Parada
43713-350,Avenida,Engenheiro  Walter Aragão de Souza,,,Ponto de Parada
43713-355,Avenida,Engenheiro  Elmo Serejo de Farias,,,Ponto de Parada
43713-360,Travessa,Inocêncio Antônio da Rocha,,,Ponto de Parada
43713-365,Travessa,Inocêncio Antônio da Rocha II,,,Ponto de Parada
43713-370,Travessa,Inocêncio Antônio da Rocha I,,,Ponto de Parada
43713-375,Travessa,Vale das Fontes,,,Ponto de Parada
43713-380,Rua,Vale das Fontes,,,Ponto de Parada
43713-385,Beco,Vale das Fontes,,,Ponto de Parada
43713-390,Escada,da Rua Vale das Fontes,,,Ponto de Parada
43713-395,Rua,da Escada,,,Ponto de Parada
43713-400,Travessa,João XXIII,,,Ponto de Parada
43713-405,Beco,João XXIII,,,Ponto de Parada
43713-410,Escada,João XXIII,,,Ponto de Parada
43713-415,2ª Travessa,João XXIII,,,Ponto de Parada
43713-420,1ª Travessa,João XXIII,,,Ponto de Parada
43713-425,Avenida,João XXIII,,,Ponto de Parada
43713-430,Travessa,Marlene Aragão Carneiro,,,Ponto de Parada
43713-435,Rua,Marlene Aragão Carneiro,,,Ponto de Parada
43713-600,Rua,Marlene Aragão Carneiro,,,Coroa da Lagoa
43713-605,Avenida,João XXIII,,,Coroa da Lagoa
43713-610,Rua,Topázio,,,Coroa da Lagoa
43713-615,Caminho,Marlene Aragão Carneiro,,,Coroa da Lagoa
43713-620,Beco,Marlene Aragão Carneiro,,,Coroa da Lagoa
43713-625,Travessa,do Tesouro,,,Coroa da Lagoa
43713-630,Beco,Marlene Aragão CarneIro II,,,Coroa da Lagoa
43713-635,Travessa,Diamantina,,,Coroa da Lagoa
43713-640,Rua,Diamantina,,,Coroa da Lagoa
43713-645,Beco,Diamantina,,,Coroa da Lagoa
43713-650,Rua,AN,,,Coroa da Lagoa
43713-655,Rua,Passos,,,Coroa da Lagoa
43713-660,Caminho,Topázio,,,Coroa da Lagoa
43713-665,Rua,A,,,Coroa da Lagoa
43713-670,Rua,do Tesouro,,,Coroa da Lagoa
43713-675,Beco,do Tesouro,,,Coroa da Lagoa
43713-680,Rua,Baixa da Jaqueira,,,Coroa da Lagoa
43713-685,Rua,Pinheiro,,,Coroa da Lagoa
43713-690,Beco,do Tesouro I,,,Coroa da Lagoa
43713-695,Rua,Rubi,,,Coroa da Lagoa
43713-700,Beco,Baixa da Jaqueira I,,,Coroa da Lagoa
43713-705,Travessa,Baixa da Jaqueira,,,Coroa da Lagoa
43713-710,Rua,Itacaré,,,Coroa da Lagoa
43713-715,Travessa,Itacaré,,,Coroa da Lagoa
43713-720,Rua,Cubatão,,,Coroa da Lagoa
43713-725,Travessa,Topázio,,,Coroa da Lagoa
43713-730,Rua,Z,,,Coroa da Lagoa
43713-735,Travessa,Z,,,Coroa da Lagoa
43713-740,Rua,Petrolina,,,Coroa da Lagoa
43713-745,Rua,São  Felipe,,,Coroa da Lagoa
43713-750,Rua,RIbeIrão,,,Coroa da Lagoa
43713-755,Beco,RIbeIrão,,,Coroa da Lagoa
43713-760,Travessa,da Pimenta,,,Coroa da Lagoa
43713-765,Rua,da Pimenta,,,Coroa da Lagoa
43713-770,Rua,da Coroa,,,Coroa da Lagoa
43713-775,Travessa,da Coroa,,,Coroa da Lagoa
43713-780,Acesso,do Socorro,,,Coroa da Lagoa
43713-785,Rua,do Socorro,,,Coroa da Lagoa
43713-790,Rua,Nossa Senhora da Conceição,,,Coroa da Lagoa
43713-795,Travessa,do Socorro,,,Coroa da Lagoa
43713-800,Travessa,Barreiras,,,Coroa da Lagoa
43713-805,Caminho,Antônio Carlos Magalhães,,,Coroa da Lagoa
43713-810,2ª Travessa,do Socorro,,,Coroa da Lagoa
43713-815,Travessa,São  Felipe,,,Coroa da Lagoa
43713-820,Praça,Antônio Carlos Magalhães,,,Coroa da Lagoa
43713-825,Rua,Barreiras,,,Coroa da Lagoa
43713-830,Escada,Engenheiro  Elmo Serejo de Farias,,,Coroa da Lagoa
43713-835,Rua,Rio Pardo,,,Coroa da Lagoa
43713-840,Travessa,Rio Pardo,,,Coroa da Lagoa
43713-845,Rua,Cristina Santos,,,Coroa da Lagoa
43713-850,Rua,Juazeiro,,,Coroa da Lagoa
43713-855,1ª Travessa,Barreiras,,,Coroa da Lagoa
43713-860,Travessa,Juazeiro,,,Coroa da Lagoa
43713-865,Rua,Jacuípe,,,Coroa da Lagoa
43713-870,Rua,Itapetinga,,,Coroa da Lagoa
43713-875,Caminho,O,,,Coroa da Lagoa
43713-880,3ª Travessa,Barreiras,,,Coroa da Lagoa
43713-885,Beco,Barreiras,,,Coroa da Lagoa
43713-890,Avenida,do Colégio Polivalente,,,Coroa da Lagoa
43713-895,Rua,G,,,Coroa da Lagoa
43714-000,Caminho,Q,,,Coroa da Lagoa
43714-005,Rua,Caitité,,,Coroa da Lagoa
43714-010,Beco,Caitité,,,Coroa da Lagoa
43714-015,Travessa,Caitité,,,Coroa da Lagoa
43714-020,Avenida,Engenheiro  Elmo Serejo de Farias,,,Coroa da Lagoa
43714-030,Avenida,Engenheiro  Elmo Serejo de Farias,,,CIA II
43714-035,Travessa,Elmo Serejo de Farias,,,CIA II
43714-040,Rua,Francisco Copirunga,,,CIA II
43714-045,Rua,Vereadora  Cleide Vieira,,,CIA II
43714-050,Travessa,Francisco Copirunga,,,CIA II
43714-055,Travessa,Vereadora  Cleide Vieira,,,CIA II
43714-060,Travessa,Quatorze de Agosto,,,CIA II
43714-065,Escada,Vereadora  Cleide Vieira,,,CIA II
43714-070,1ª Travessa,Quatorze de Maio,,,CIA II
43714-075,Rua,Quatorze de Maio,,,CIA II
43714-080,Beco,Quatorze de Maio I,,,CIA II
43714-085,2ª Travessa,Quatorze de Maio,,,CIA II
43714-090,3ª Travessa,Quatorze de Maio,,,CIA II
43714-095,4ª Travessa,Quatorze de Maio,,,CIA II
43714-100,Travessa,Princesa  Isabel,,,CIA II
43714-105,Escada,Princesa  Isabel,,,CIA II
43714-110,Rua,Princesa  Isabel,,,CIA II
43714-115,Rua,Ceará,,,CIA II
43714-120,Rua,do Campo,,,CIA II
43714-125,Travessa,Ceará I,,,CIA II
43714-130,Beco,Ceará I,,,CIA II
43714-135,Beco,Ceará II,,,CIA II
43714-140,Beco,Ceará III,,,CIA II
43714-145,Travessa,Ceará,,,CIA II
43714-150,Rua,da Alegria,,,CIA II
43714-155,Rua,Joaquim Nabuco,,,CIA II
43714-160,Beco,do Paraíso I,,,CIA II
43714-165,Beco,Princesa  Isabel I,,,CIA II
43714-170,Beco,Princesa  Isabel II,,,CIA II
43714-175,Beco,Princesa  Isabel IV,,,CIA II
43714-180,Escada,Joaquim Nabuco,,,CIA II
43714-185,Beco,do Paraíso II,,,CIA II
43714-190,Beco,Antônio Bandeira,,,CIA II
43714-195,Travessa,Antônio Bandeira,,,CIA II
43714-200,Beco,Antônio Bandeira VI,,,CIA II
43714-205,Beco,Antônio Bandeira I,,,CIA II
43714-210,Beco,Antônio Bandeira II,,,CIA II
43714-215,Beco,Antônio Bandeira V,,,CIA II
43714-220,Beco,Antônio Bandeira III,,,CIA II
43714-225,Beco,Antônio Bandeira IV,,,CIA II
43714-230,Rua,Jerusalém,,,CIA II
43714-235,Travessa,Jerusalém,,,CIA II
43714-240,1ª Travessa,Jerusalém,,,CIA II
43714-245,Rua,Olavo Bilac,,,CIA II
43714-250,Rua,Maria Bonita,,,CIA II
43714-255,Largo,Maria Bonita,,,CIA II
43714-260,Rua,Maria Bonita II,,,CIA II
43714-265,Travessa,Maria Bonita,,,CIA II
43714-270,Rua,Maria Bonita III,,,CIA II
43714-275,Beco,Maria Bonita II,,,CIA II
43714-280,Beco,Maria Bonita I,,,CIA II
43714-285,Beco,Maria Bonita,,,CIA II
43714-290,Beco,Vivenda dos Pássaros,,,CIA II
43714-295,Rua,Vivenda dos Pássaros,,,CIA II
43714-300,Beco,da Alegria,,,CIA II
43714-305,Rua,Gonçalves Dias,,,CIA II
43714-310,Travessa,Gonçalves Dias,,,CIA II
43714-315,Rua,Raquel de Queiroz,,,CIA II
43714-320,Rua,Villa Lobos,,,CIA II
43714-325,Travessa,Santa  Catarina I,,,CIA II
43714-330,Rua,Santa  Catarina,,,CIA II
43714-335,Rua,Vivendas dos Pássaros I,,,CIA II
43714-490,Rua,Ana Nery,,,CIA II
43714-495,Rua,da Amizade,,,CIA II
43714-500,Rua,Gaspar Dutra,,,CIA II
43714-505,Rua,Visconde de Barbacena,,,CIA II
43714-510,Beco,Visconde de Barbacena,,,CIA II
43714-515,Rua,Vila Rica,,,CIA II
43714-520,Rua,Arco Verde,,,CIA II
43714-580,Rua,Monte Pascoal,,,CIA II
43714-585,Rua,José Bonifácio,,,CIA II
43714-590,Caminho,5,,,CIA II
43714-595,Rua,Dom  João VI,,,CIA II
43714-600,Beco,Dom  João VI,,,CIA II
43714-605,Travessa,Dom  João VI,,,CIA II
43714-610,Travessa,1,,,CIA II
43714-615,Rua,da Independência,,,CIA II
43714-620,Rua,Monte Castelo,,,CIA II
43714-625,Rua,Ouro Preto,,,CIA II
43714-630,Rua,Sete de Abril,,,CIA II
43714-635,Rua,Osvaldo Cruz,,,CIA II
43714-640,Rua,Tibirica,,,CIA II
43714-645,Rua,São  Vicente,,,CIA II
43714-650,Rua,São  Mateus,,,CIA II
43714-655,2ª Travessa,São  Vicente,,,CIA II
43714-660,Rua,São  Francisco,,,CIA II
43714-665,4ª Travessa,São  Vicente,,,CIA II
43714-770,Rua,D,,(Lot Recanto do Sol),CIA II
43714-810,Rua,B,,(Lot Recanto do Sol),CIA II
43714-815,Rua,C,,(Lot Recanto do Sol),CIA II
43714-820,Rua,I,,(Lot Recanto do Sol),CIA II
43714-825,Rua,A,,(Lot Recanto do Sol),CIA II
43714-830,Rua,T,,(Lot Recanto do Sol),CIA II
43714-835,Rua,S,,(Lot Recanto do Sol),CIA II
43714-840,Rua,Q,,(Lot Recanto do Sol),CIA II
43714-845,Rua,P,,(Lot Recanto do Sol),CIA II
43714-850,Rua,F,,(Lot Recanto do Sol),CIA II
43714-855,Rua,R,,(Lot Recanto do Sol),CIA II
43714-860,Rua,D,,(Lot Recanto do Sol),CIA II
43714-865,Rua,E,,(Lot Recanto do Sol),CIA II
43714-870,Estrada,Via Universitária - Km 30,,,CIA II
43715-080,Via,Universitária,,,CIA II
43715-170,Via,Universitária,,,CIA I
43715-175,Estrada,Cova da Gia,,,CIA I
43715-180,Praça,Manoel Nascimento Costa,,,CIA I
43715-185,Avenida,NascImento,,,CIA I
43715-490,Rua,Vital Brasil,,,CIA I
43715-495,Praça,Oceania,,,CIA I
43715-500,Rua,do Vale,,,CIA I
43715-505,Beco,Vital Brasil,,,CIA I
43715-510,Rua,Alagoas,,,CIA I
43715-515,Travessa,Doutor  Carlos Chagas,,,CIA I
43715-520,Rua,Osvaldo Cruz,,,CIA I
43715-525,Rua,Doutor  Carlos Chagas,,,CIA I
43715-530,Travessa,Osvaldo Cruz,,,CIA I
43715-535,Rua,Boa Vista,,,CIA I
43715-540,Caminho,7,,,CIA I
43715-545,Rua,Minas Gerais,,,CIA I
43715-550,2ª Travessa,Minas Gerais,,,CIA I
43715-555,1ª Travessa,Minas Gerais,,,CIA I
43715-560,Travessa,Boa Vista,,,CIA I
43715-565,Rua,Rio Grande do Norte,,,CIA I
43715-570,Beco,Minas Gerais,,,CIA I
43715-575,Praça,Doutor  Afrânio Peixoto,,,CIA I
43715-580,Rua,Doutor  Manoel de Abreu,,,CIA I
43715-585,Avenida,Doutor  Manoel Vitorino,,,CIA I
43715-590,Rua,Acre,,,CIA I
43715-595,Rua,Piauí,,,CIA I
43715-600,Rua,Santa  Cruz,,,CIA I
43715-605,Rua,Paraná,,,CIA I
43715-610,1ª Travessa,Paraná,,,CIA I
43715-615,3ª Travessa,Minas Gerais,,,CIA I
43715-620,2ª Travessa,Paraná,,,CIA I
43715-625,Travessa,Paralela,,,CIA I
43715-630,Rua,Paralela,,,CIA I
43715-635,Travessa,Contorno,,,CIA I
43715-640,Rua,Contorno,,,CIA I
43715-645,Beco,Contorno,,,CIA I
43715-650,Estrada,do SESI-SENAI,,,CIA I
43715-655,Travessa,do SESI-SENAI,,,CIA I
43715-660,Caminho,1,,(Cj Vida Nova),CIA I
43715-665,Caminho,3,,(Cj Vida Nova),CIA I
43715-670,Caminho,4,,(Cj Vida Nova),CIA I
43715-675,Caminho,5,,(Cj Vida Nova),CIA I
43715-680,Caminho,6,,(Cj Vida Nova),CIA I
43715-685,Caminho,7,,(Cj Vida Nova),CIA I
43715-690,Caminho,1A,,(Cj Vida Nova),CIA I
43715-695,Caminho,8,,(Cj Vida Nova),CIA I
43715-700,Acesso,2,,(Cj Vida Nova),CIA I
43715-705,Caminho,9,,(Cj Vida Nova),CIA I
43715-710,Acesso,1,,(Cj Vida Nova),CIA I
43715-715,Caminho,16,,(Cj Vida Nova),CIA I
43715-720,Caminho,15,,(Cj Vida Nova),CIA I
43715-725,Caminho,17,,(Cj Vida Nova),CIA I
43715-730,Caminho,19,,(Cj Vida Nova),CIA I
43715-735,Caminho,22,,(Cj Vida Nova),CIA I
43715-740,Caminho,21,,(Cj Vida Nova),CIA I
43715-745,Rua,B,,(Cj Vida Nova),CIA I
43715-750,Caminho,23,,(Cj Vida Nova),CIA I
43715-755,Caminho,20,,(Cj Vida Nova),CIA I
43715-760,Caminho,18,,(Cj Vida Nova),CIA I
43715-765,Rua,A,,(Cj Vida Nova),CIA I
43715-770,Caminho,14,,(Cj Vida Nova),CIA I
43715-775,Caminho,13,,(Cj Vida Nova),CIA I
43715-780,Caminho,12,,(Cj Vida Nova),CIA I
43715-785,Caminho,11,,(Cj Vida Nova),CIA I
43715-790,Caminho,10,,(Cj Vida Nova),CIA I
43715-795,Avenida,Engenheiro  Elmo Serejo de Farias,,,CIA I
43715-800,1º Beco,Engenheiro  Elmo Serejo de Farias,,,CIA I
43715-805,Rua,Manoel Lino Rodrigues Piedade,,,CIA I
43715-810,Rua,Antônio Carlos Magalhães,,,CIA I
43715-815,Rua,São  Paulo,,,CIA I
43715-820,Travessa,São  Paulo,,,CIA I
43715-825,Travessa,São  Paulo I,,,CIA I
43715-830,Beco,São  Paulo I,,,CIA I
43715-835,1º Beco,São  Paulo,,,CIA I
43715-840,Travessa,São  Paulo II,,,CIA I
43715-845,Avenida,do Colégio Polivalente,,,CIA I
43715-850,Estrada,do SEST-SENAT,,,CIA I